﻿<?xml version="1.0"?>
<doc>
<assembly>
<name>
AllcardEncryptDecrypt
</name>
</assembly>
<members>
<member name="M:AllcardEncryptDecrypt.EncryptDecrypt.TripleDesEncryptText(System.String)">
	<summary>
 Encrypts a text using TripleDES Encryption.
 </summary>
	<param name="strText">A Valid String Object.</param>
	<returns>Encrypted Text</returns>
	<remarks>Encryption Key is "baronpogi" without the quotes.</remarks>
</member><member name="M:AllcardEncryptDecrypt.EncryptDecrypt.TripleDesDecryptText(System.String)">
	<summary>
 Decrypts a text using TripleDes Decryption.
 </summary>
	<param name="strText">A Valid String Object.</param>
	<returns>Decrypted Text</returns>
	<remarks>Decryption Key is "baronpogi" without the quotes.</remarks>
</member><member name="M:AllcardEncryptDecrypt.EncryptDecrypt.TripleDesEncrypt(System.String,System.String)">
	<summary>
 Procedure for ecrypting text using TripleDes Encryption.
 </summary>
	<param name="strText">A Valid String Object.</param>
	<param name="strEncrKey">A Valid Key for Encryption.</param>
	<returns>Encrypted Text</returns>
</member><member name="M:AllcardEncryptDecrypt.EncryptDecrypt.TripleDesDecrypt(System.String,System.String)">
	<summary>
 Procedure for decrypting text using TripleDes Dencryption.
 </summary>
	<param name="strText">A Valid String Object.</param>
	<param name="sDecrKey">A Valid Key for Dencryption.</param>
	<returns>Dencrypted Text</returns>
</member><member name="P:AllcardEncryptDecrypt.EncryptDecrypt.RandomKeyGenerator.KeyLetters">
	<date>27072005</date><time>071924</time>
	<type>property</type>
	<summary>
 WRITE ONLY PROPERTY. HAS TO BE SET BEFORE CALLING GENERATE()
 </summary>
</member><member name="P:AllcardEncryptDecrypt.EncryptDecrypt.RandomKeyGenerator.KeyNumbers">
	<date>27072005</date><time>071924</time>
	<type>property</type>
	<summary>
 WRITE ONLY PROPERTY. HAS TO BE SET BEFORE CALLING GENERATE()
 </summary>
</member><member name="P:AllcardEncryptDecrypt.EncryptDecrypt.RandomKeyGenerator.KeyChars">
	<date>27072005</date><time>071924</time>
	<type>property</type>
	<summary>
 WRITE ONLY PROPERTY. HAS TO BE SET BEFORE CALLING GENERATE()
 </summary>
</member><member name="M:AllcardEncryptDecrypt.EncryptDecrypt.RandomKeyGenerator.Generate">
	<date>27072005</date><time>072344</time>
	<type>function</type>
	<summary>
 GENERATES A RANDOM STRING OF LETTERS AND NUMBERS.
 LETTERS CAN BE RANDOMLY CAPITAL OR SMALL.
 </summary>
	<returns type="String">RETURNS THE
         RANDOMLY GENERATED KEY</returns>
</member><member name="T:AllcardEncryptDecrypt.EncryptDecrypt.RandomKeyGenerator">
	<date>27072005</date><time>070339</time>
	<type>class</type>
	<summary>
 REQUIRES PROPERTIES: KeyLetters, KeyNumbers, MaxChars
 </summary>
</member>
</members>
</doc>