{"senderRefId":"acc0101-000003","tranRequestDate":"2022-01-12T05:01:19.256","pageType":"REFERRAL","page":"7","cardDetails":{"cardNumber":"4292530139363928","name":"CLARK TERRENCE BASBAS REYES","addressType":"PRESENT","php125ReferenceCode":"PAGIBIGX1"},"fatca":{"isUsCitizen":false},"crr":{"purpose":"Personal Savings","amount":"250000.00"},"customer":{"name":{"first":"CLARK TERRENCE","middle":"BASBAS","last":"REYES"},"email":"superclarence0225@gmail.com","fullMobileNumber":"639276169326","title":"MR","getGoNumber":"","rmCode":"0BPSYCHU","birthDate":"1992-02-25","birthPlace":"MAKATI CITY METRO MANILA NCR","nationality":"01","civilStatus":"S","homePhoneNumber":"000000000","staff":"N","sss":"0000000","gsis":"0000000","tin":"0000000","fundSource":{"id":"1","code":"B1000","desc":"Employment or salary"},"signature":{"base64":"","type":"","index":"1","number":"","description":""},"presentAddress":{"line1":"126","line2":"NARANGHITA STREET  QUIRINO 2B","city":".","province":"000","zipCode":"1102","country":"204","landmark":"McDo"},"permanentAddress":{"line1":"126","line2":"NARANGHITA STREET  QUIRINO 2B","city":".","province":"000","zipCode":"1102","country":"204","landmark":"McDo"},"motherMaidenName":"TERESITA YMASA BASBAS","passport":{"id":"000000000","countryOfIssue":"PH"},"jumioIdScanReference":"2057783e-acf9-4793-800c-cfe09369fd76","documentIdType":"GSIS eCardUMID"},"employment":{"name":"LSERV CORPORATION","occupation":{"id":"1","code":".","desc":""},"status":{"id":"1","code":"EMPLOYED","desc":""},"industryType":{"id":"1","code":"99999","desc":""},"workNature":"S0000","address":{"line1":"21ST PETRON MEGA PLAZA","line2":"SEN GIL PUYAT AVENUE  BELAIR MAKATI CITY NCR FOURTH DISTRICT","city":".","province":"000","zipCode":"1209","country":"204","landmark":"KFC"},"phoneNumber":"9276169326"},"account":{"schemeCode":"SB140","subheadCode":"21211","operationMode":"1","currency":"PHP","solID":"1001"},"customDetails":{"insular":{"religion":"Roman Catholic","delcaration":"true","exception":"Test"}}}